PRAGMA foreign_keys=OFF;
BEGIN TRANSACTION;
CREATE TABLE IF NOT EXISTS "django_migrations" ("id" integer NOT NULL PRIMARY KEY AUTOINCREMENT, "app" varchar(255) NOT NULL, "name" varchar(255) NOT NULL, "applied" datetime NOT NULL);
INSERT INTO django_migrations VALUES(1,'contenttypes','0001_initial','2020-07-08 19:09:10.731708');
INSERT INTO django_migrations VALUES(2,'auth','0001_initial','2020-07-08 19:09:10.754417');
INSERT INTO django_migrations VALUES(3,'admin','0001_initial','2020-07-08 19:09:10.770547');
INSERT INTO django_migrations VALUES(4,'admin','0002_logentry_remove_auto_add','2020-07-08 19:09:10.786157');
INSERT INTO django_migrations VALUES(5,'admin','0003_logentry_add_action_flag_choices','2020-07-08 19:09:10.800462');
INSERT INTO django_migrations VALUES(6,'contenttypes','0002_remove_content_type_name','2020-07-08 19:09:10.822282');
INSERT INTO django_migrations VALUES(7,'auth','0002_alter_permission_name_max_length','2020-07-08 19:09:10.831876');
INSERT INTO django_migrations VALUES(8,'auth','0003_alter_user_email_max_length','2020-07-08 19:09:10.844715');
INSERT INTO django_migrations VALUES(9,'auth','0004_alter_user_username_opts','2020-07-08 19:09:10.870173');
INSERT INTO django_migrations VALUES(10,'auth','0005_alter_user_last_login_null','2020-07-08 19:09:10.883663');
INSERT INTO django_migrations VALUES(11,'auth','0006_require_contenttypes_0002','2020-07-08 19:09:10.888310');
INSERT INTO django_migrations VALUES(12,'auth','0007_alter_validators_add_error_messages','2020-07-08 19:09:10.900794');
INSERT INTO django_migrations VALUES(13,'auth','0008_alter_user_username_max_length','2020-07-08 19:09:10.912815');
INSERT INTO django_migrations VALUES(14,'auth','0009_alter_user_last_name_max_length','2020-07-08 19:09:10.927827');
INSERT INTO django_migrations VALUES(15,'auth','0010_alter_group_name_max_length','2020-07-08 19:09:10.940256');
INSERT INTO django_migrations VALUES(16,'auth','0011_update_proxy_permissions','2020-07-08 19:09:10.950686');
INSERT INTO django_migrations VALUES(17,'sessions','0001_initial','2020-07-08 19:09:10.956164');
INSERT INTO django_migrations VALUES(18,'catalog','0001_initial','2020-07-08 19:18:14.710212');
INSERT INTO django_migrations VALUES(19,'catalog','0002_auto_20200708_2033','2020-07-08 20:33:45.067585');
INSERT INTO django_migrations VALUES(20,'catalog','0003_auto_20200708_2046','2020-07-08 20:46:45.374953');
INSERT INTO django_migrations VALUES(21,'catalog','0004_book_publishing_year','2020-07-08 20:59:15.258142');
INSERT INTO django_migrations VALUES(22,'catalog','0005_auto_20200708_2103','2020-07-08 21:03:39.819388');
INSERT INTO django_migrations VALUES(23,'catalog','0006_auto_20200708_2104','2020-07-08 21:04:09.173847');
INSERT INTO django_migrations VALUES(24,'catalog','0007_auto_20200708_2130','2020-07-08 21:30:50.646435');
INSERT INTO django_migrations VALUES(25,'catalog','0008_auto_20200709_1902','2020-07-09 19:02:33.492909');
INSERT INTO django_migrations VALUES(26,'catalog','0009_auto_20200709_1933','2020-07-09 19:33:06.558446');
INSERT INTO django_migrations VALUES(27,'catalog','0010_auto_20200709_2237','2020-07-09 22:38:07.261853');
INSERT INTO django_migrations VALUES(28,'catalog','0011_auto_20200709_2238','2020-07-09 22:38:07.290105');
INSERT INTO django_migrations VALUES(29,'authtoken','0001_initial','2020-07-12 21:00:45.281577');
INSERT INTO django_migrations VALUES(30,'authtoken','0002_auto_20160226_1747','2020-07-12 21:00:45.357343');
CREATE TABLE IF NOT EXISTS "auth_group_permissions" ("id" integer NOT NULL PRIMARY KEY AUTOINCREMENT, "group_id" integer NOT NULL REFERENCES "auth_group" ("id") DEFERRABLE INITIALLY DEFERRED, "permission_id" integer NOT NULL REFERENCES "auth_permission" ("id") DEFERRABLE INITIALLY DEFERRED);
CREATE TABLE IF NOT EXISTS "auth_user_groups" ("id" integer NOT NULL PRIMARY KEY AUTOINCREMENT, "user_id" integer NOT NULL REFERENCES "auth_user" ("id") DEFERRABLE INITIALLY DEFERRED, "group_id" integer NOT NULL REFERENCES "auth_group" ("id") DEFERRABLE INITIALLY DEFERRED);
CREATE TABLE IF NOT EXISTS "auth_user_user_permissions" ("id" integer NOT NULL PRIMARY KEY AUTOINCREMENT, "user_id" integer NOT NULL REFERENCES "auth_user" ("id") DEFERRABLE INITIALLY DEFERRED, "permission_id" integer NOT NULL REFERENCES "auth_permission" ("id") DEFERRABLE INITIALLY DEFERRED);
CREATE TABLE IF NOT EXISTS "django_admin_log" ("id" integer NOT NULL PRIMARY KEY AUTOINCREMENT, "action_time" datetime NOT NULL, "object_id" text NULL, "object_repr" varchar(200) NOT NULL, "change_message" text NOT NULL, "content_type_id" integer NULL REFERENCES "django_content_type" ("id") DEFERRABLE INITIALLY DEFERRED, "user_id" integer NOT NULL REFERENCES "auth_user" ("id") DEFERRABLE INITIALLY DEFERRED, "action_flag" smallint unsigned NOT NULL CHECK ("action_flag" >= 0));
INSERT INTO django_admin_log VALUES(1,'2020-07-08 20:47:00.684153','1','London, Jack','[{"added": {}}]',9,1,1);
INSERT INTO django_admin_log VALUES(2,'2020-07-08 20:52:20.661020','1','Novels','[{"added": {}}]',8,1,1);
INSERT INTO django_admin_log VALUES(3,'2020-07-08 20:52:45.334790','1','The Sea-Wolf','[{"added": {}}]',10,1,1);
INSERT INTO django_admin_log VALUES(4,'2020-07-08 20:54:46.066956','2','The Call of the Wild','[{"added": {}}]',10,1,1);
INSERT INTO django_admin_log VALUES(5,'2020-07-08 21:04:27.417173','2','The Call of the Wild','[{"changed": {"fields": ["Year"]}}]',10,1,2);
INSERT INTO django_admin_log VALUES(6,'2020-07-08 21:04:37.737949','1','The Sea-Wolf','[{"changed": {"fields": ["Year"]}}]',10,1,2);
INSERT INTO django_admin_log VALUES(7,'2020-07-08 21:06:59.999712','481498fd-d896-475a-981f-ca32de7add03','481498fd-d896-475a-981f-ca32de7add03 (The Sea-Wolf)','[{"added": {}}]',7,1,1);
INSERT INTO django_admin_log VALUES(8,'2020-07-08 21:07:14.650253','3251f15e-6492-4136-a766-5a9574e9cf22','3251f15e-6492-4136-a766-5a9574e9cf22 (The Call of the Wild)','[{"added": {}}]',7,1,1);
INSERT INTO django_admin_log VALUES(9,'2020-07-08 21:10:28.791428','2','Twain, Mark','[{"added": {}}]',9,1,1);
INSERT INTO django_admin_log VALUES(10,'2020-07-08 21:12:27.818471','2','for kids','[{"added": {}}]',8,1,1);
INSERT INTO django_admin_log VALUES(11,'2020-07-08 21:15:56.637355','3','Tom Sawyer','[{"added": {}}]',10,1,1);
INSERT INTO django_admin_log VALUES(12,'2020-07-08 21:16:30.870398','e8fcdb02-05c3-4aa3-8873-5de1d799e85a','e8fcdb02-05c3-4aa3-8873-5de1d799e85a (Tom Sawyer)','[{"added": {}}]',7,1,1);
INSERT INTO django_admin_log VALUES(13,'2020-07-08 21:16:50.832019','0cf1682a-55b8-47f8-8c73-b6963d5232ea','0cf1682a-55b8-47f8-8c73-b6963d5232ea (Tom Sawyer)','[{"added": {}}]',7,1,1);
INSERT INTO django_admin_log VALUES(14,'2020-07-08 21:17:17.287572','335ee88b-2b0a-47a8-936f-af86b9763372','335ee88b-2b0a-47a8-936f-af86b9763372 (The Sea-Wolf)','[{"added": {}}]',7,1,1);
INSERT INTO django_admin_log VALUES(15,'2020-07-08 21:17:44.082249','38e0e2a4-b051-4ee2-a3f0-4881f2f0d9a5','38e0e2a4-b051-4ee2-a3f0-4881f2f0d9a5 (The Call of the Wild)','[{"added": {}}]',7,1,1);
INSERT INTO django_admin_log VALUES(16,'2020-07-08 21:18:05.302432','3251f15e-6492-4136-a766-5a9574e9cf22','3251f15e-6492-4136-a766-5a9574e9cf22 (The Call of the Wild)','[{"changed": {"fields": ["Status"]}}]',7,1,2);
INSERT INTO django_admin_log VALUES(17,'2020-07-08 21:34:15.965745','62d371cb-e883-45b4-832c-ecd42bbf90f2','62d371cb-e883-45b4-832c-ecd42bbf90f2 (The Sea-Wolf)','[{"added": {}}]',7,1,1);
INSERT INTO django_admin_log VALUES(18,'2020-07-08 21:34:32.566254','e8fcdb02-05c3-4aa3-8873-5de1d799e85a','e8fcdb02-05c3-4aa3-8873-5de1d799e85a (Tom Sawyer)','[{"changed": {"fields": ["Year"]}}]',7,1,2);
INSERT INTO django_admin_log VALUES(19,'2020-07-08 21:34:41.915369','62d371cb-e883-45b4-832c-ecd42bbf90f2','62d371cb-e883-45b4-832c-ecd42bbf90f2 (The Sea-Wolf)','[{"changed": {"fields": ["Year"]}}]',7,1,2);
INSERT INTO django_admin_log VALUES(20,'2020-07-08 21:34:51.331943','481498fd-d896-475a-981f-ca32de7add03','481498fd-d896-475a-981f-ca32de7add03 (The Sea-Wolf)','[{"changed": {"fields": ["Year"]}}]',7,1,2);
INSERT INTO django_admin_log VALUES(21,'2020-07-08 21:35:01.833693','3251f15e-6492-4136-a766-5a9574e9cf22','3251f15e-6492-4136-a766-5a9574e9cf22 (The Call of the Wild)','[{"changed": {"fields": ["Year"]}}]',7,1,2);
INSERT INTO django_admin_log VALUES(22,'2020-07-08 21:35:11.331824','0cf1682a-55b8-47f8-8c73-b6963d5232ea','0cf1682a-55b8-47f8-8c73-b6963d5232ea (Tom Sawyer)','[{"changed": {"fields": ["Year"]}}]',7,1,2);
INSERT INTO django_admin_log VALUES(23,'2020-07-08 21:35:19.348986','38e0e2a4-b051-4ee2-a3f0-4881f2f0d9a5','38e0e2a4-b051-4ee2-a3f0-4881f2f0d9a5 (The Call of the Wild)','[{"changed": {"fields": ["Year"]}}]',7,1,2);
INSERT INTO django_admin_log VALUES(24,'2020-07-08 21:35:28.750003','335ee88b-2b0a-47a8-936f-af86b9763372','335ee88b-2b0a-47a8-936f-af86b9763372 (The Sea-Wolf)','[{"changed": {"fields": ["Year"]}}]',7,1,2);
INSERT INTO django_admin_log VALUES(25,'2020-07-09 19:03:02.260623','1','London, Jack','[{"changed": {"fields": ["Gender"]}}]',9,1,2);
INSERT INTO django_admin_log VALUES(26,'2020-07-09 19:03:09.297636','2','Twain, Mark','[{"changed": {"fields": ["Gender"]}}]',9,1,2);
INSERT INTO django_admin_log VALUES(27,'2020-07-09 19:33:37.901574','e8fcdb02-05c3-4aa3-8873-5de1d799e85a','e8fcdb02-05c3-4aa3-8873-5de1d799e85a (Tom Sawyer)','[{"changed": {"fields": ["Status"]}}]',7,1,2);
INSERT INTO django_admin_log VALUES(28,'2020-07-09 19:33:44.384040','62d371cb-e883-45b4-832c-ecd42bbf90f2','62d371cb-e883-45b4-832c-ecd42bbf90f2 (The Sea-Wolf)','[{"changed": {"fields": ["Status"]}}]',7,1,2);
INSERT INTO django_admin_log VALUES(29,'2020-07-09 19:33:55.904331','481498fd-d896-475a-981f-ca32de7add03','481498fd-d896-475a-981f-ca32de7add03 (The Sea-Wolf)','[{"changed": {"fields": ["Status"]}}]',7,1,2);
INSERT INTO django_admin_log VALUES(30,'2020-07-09 19:34:07.185384','3251f15e-6492-4136-a766-5a9574e9cf22','3251f15e-6492-4136-a766-5a9574e9cf22 (The Call of the Wild)','[{"changed": {"fields": ["Status"]}}]',7,1,2);
INSERT INTO django_admin_log VALUES(31,'2020-07-09 19:34:20.984372','0cf1682a-55b8-47f8-8c73-b6963d5232ea','0cf1682a-55b8-47f8-8c73-b6963d5232ea (Tom Sawyer)','[{"changed": {"fields": ["Status"]}}]',7,1,2);
INSERT INTO django_admin_log VALUES(32,'2020-07-09 19:34:38.917564','38e0e2a4-b051-4ee2-a3f0-4881f2f0d9a5','38e0e2a4-b051-4ee2-a3f0-4881f2f0d9a5 (The Call of the Wild)','[{"changed": {"fields": ["Status"]}}]',7,1,2);
INSERT INTO django_admin_log VALUES(33,'2020-07-09 19:34:50.395581','335ee88b-2b0a-47a8-936f-af86b9763372','335ee88b-2b0a-47a8-936f-af86b9763372 (The Sea-Wolf)','[{"changed": {"fields": ["Status"]}}]',7,1,2);
INSERT INTO django_admin_log VALUES(34,'2020-07-09 19:36:17.109304','0cf1682a-55b8-47f8-8c73-b6963d5232ea','0cf1682a-55b8-47f8-8c73-b6963d5232ea (Tom Sawyer)','[{"changed": {"fields": ["Due back"]}}]',7,1,2);
INSERT INTO django_admin_log VALUES(35,'2020-07-09 19:36:37.015189','38e0e2a4-b051-4ee2-a3f0-4881f2f0d9a5','38e0e2a4-b051-4ee2-a3f0-4881f2f0d9a5 (The Call of the Wild)','[{"changed": {"fields": ["Borrower"]}}]',7,1,2);
INSERT INTO django_admin_log VALUES(36,'2020-07-09 20:29:54.989822','3','Herbert, David','[{"added": {}}]',9,1,1);
INSERT INTO django_admin_log VALUES(37,'2020-07-09 20:32:36.301165','3','Biography','[{"added": {}}]',8,1,1);
INSERT INTO django_admin_log VALUES(38,'2020-07-09 20:33:05.635915','4','Lincoln','[{"added": {}}, {"added": {"name": "book instance", "object": "ee07fc60-92a6-42a6-95e3-d40941a7c186 (Lincoln)"}}]',10,1,1);
INSERT INTO django_admin_log VALUES(39,'2020-07-09 22:40:52.178883','ee07fc60-92a6-42a6-95e3-d40941a7c186','ee07fc60-92a6-42a6-95e3-d40941a7c186 (Lincoln)','[]',7,1,2);
INSERT INTO django_admin_log VALUES(40,'2020-07-09 22:41:03.358474','e8fcdb02-05c3-4aa3-8873-5de1d799e85a','e8fcdb02-05c3-4aa3-8873-5de1d799e85a (Tom Sawyer)','[]',7,1,2);
INSERT INTO django_admin_log VALUES(41,'2020-07-09 22:41:14.956054','62d371cb-e883-45b4-832c-ecd42bbf90f2','62d371cb-e883-45b4-832c-ecd42bbf90f2 (The Sea-Wolf)','[{"changed": {"fields": ["Year"]}}]',7,1,2);
INSERT INTO django_admin_log VALUES(42,'2020-07-09 22:41:25.869508','481498fd-d896-475a-981f-ca32de7add03','481498fd-d896-475a-981f-ca32de7add03 (The Sea-Wolf)','[]',7,1,2);
INSERT INTO django_admin_log VALUES(43,'2020-07-09 22:41:40.467643','3251f15e-6492-4136-a766-5a9574e9cf22','3251f15e-6492-4136-a766-5a9574e9cf22 (The Call of the Wild)','[]',7,1,2);
INSERT INTO django_admin_log VALUES(44,'2020-07-09 22:41:51.922566','38e0e2a4-b051-4ee2-a3f0-4881f2f0d9a5','38e0e2a4-b051-4ee2-a3f0-4881f2f0d9a5 (The Call of the Wild)','[]',7,1,2);
INSERT INTO django_admin_log VALUES(45,'2020-07-09 22:42:02.656099','0cf1682a-55b8-47f8-8c73-b6963d5232ea','0cf1682a-55b8-47f8-8c73-b6963d5232ea (Tom Sawyer)','[]',7,1,2);
INSERT INTO django_admin_log VALUES(46,'2020-07-09 22:42:11.624925','335ee88b-2b0a-47a8-936f-af86b9763372','335ee88b-2b0a-47a8-936f-af86b9763372 (The Sea-Wolf)','[{"changed": {"fields": ["Year"]}}]',7,1,2);
INSERT INTO django_admin_log VALUES(47,'2020-07-12 21:35:11.087224','42e2ac78fa7fce4dea10729d7deeb9a46234fb17','42e2ac78fa7fce4dea10729d7deeb9a46234fb17','',11,1,3);
INSERT INTO django_admin_log VALUES(48,'2020-07-12 21:35:18.014275','9f8fdca1044f2938d05eb88b276b5b0edd6af2aa','9f8fdca1044f2938d05eb88b276b5b0edd6af2aa','[{"added": {}}]',11,1,1);
CREATE TABLE IF NOT EXISTS "django_content_type" ("id" integer NOT NULL PRIMARY KEY AUTOINCREMENT, "app_label" varchar(100) NOT NULL, "model" varchar(100) NOT NULL);
INSERT INTO django_content_type VALUES(1,'admin','logentry');
INSERT INTO django_content_type VALUES(2,'auth','permission');
INSERT INTO django_content_type VALUES(3,'auth','group');
INSERT INTO django_content_type VALUES(4,'auth','user');
INSERT INTO django_content_type VALUES(5,'contenttypes','contenttype');
INSERT INTO django_content_type VALUES(6,'sessions','session');
INSERT INTO django_content_type VALUES(7,'catalog','bookinstance');
INSERT INTO django_content_type VALUES(8,'catalog','genre');
INSERT INTO django_content_type VALUES(9,'catalog','author');
INSERT INTO django_content_type VALUES(10,'catalog','book');
INSERT INTO django_content_type VALUES(11,'authtoken','token');
CREATE TABLE IF NOT EXISTS "auth_permission" ("id" integer NOT NULL PRIMARY KEY AUTOINCREMENT, "content_type_id" integer NOT NULL REFERENCES "django_content_type" ("id") DEFERRABLE INITIALLY DEFERRED, "codename" varchar(100) NOT NULL, "name" varchar(255) NOT NULL);
INSERT INTO auth_permission VALUES(1,1,'add_logentry','Can add log entry');
INSERT INTO auth_permission VALUES(2,1,'change_logentry','Can change log entry');
INSERT INTO auth_permission VALUES(3,1,'delete_logentry','Can delete log entry');
INSERT INTO auth_permission VALUES(4,1,'view_logentry','Can view log entry');
INSERT INTO auth_permission VALUES(5,2,'add_permission','Can add permission');
INSERT INTO auth_permission VALUES(6,2,'change_permission','Can change permission');
INSERT INTO auth_permission VALUES(7,2,'delete_permission','Can delete permission');
INSERT INTO auth_permission VALUES(8,2,'view_permission','Can view permission');
INSERT INTO auth_permission VALUES(9,3,'add_group','Can add group');
INSERT INTO auth_permission VALUES(10,3,'change_group','Can change group');
INSERT INTO auth_permission VALUES(11,3,'delete_group','Can delete group');
INSERT INTO auth_permission VALUES(12,3,'view_group','Can view group');
INSERT INTO auth_permission VALUES(13,4,'add_user','Can add user');
INSERT INTO auth_permission VALUES(14,4,'change_user','Can change user');
INSERT INTO auth_permission VALUES(15,4,'delete_user','Can delete user');
INSERT INTO auth_permission VALUES(16,4,'view_user','Can view user');
INSERT INTO auth_permission VALUES(17,5,'add_contenttype','Can add content type');
INSERT INTO auth_permission VALUES(18,5,'change_contenttype','Can change content type');
INSERT INTO auth_permission VALUES(19,5,'delete_contenttype','Can delete content type');
INSERT INTO auth_permission VALUES(20,5,'view_contenttype','Can view content type');
INSERT INTO auth_permission VALUES(21,6,'add_session','Can add session');
INSERT INTO auth_permission VALUES(22,6,'change_session','Can change session');
INSERT INTO auth_permission VALUES(23,6,'delete_session','Can delete session');
INSERT INTO auth_permission VALUES(24,6,'view_session','Can view session');
INSERT INTO auth_permission VALUES(25,7,'add_bookinstance','Can add book instance');
INSERT INTO auth_permission VALUES(26,7,'change_bookinstance','Can change book instance');
INSERT INTO auth_permission VALUES(27,7,'delete_bookinstance','Can delete book instance');
INSERT INTO auth_permission VALUES(28,7,'view_bookinstance','Can view book instance');
INSERT INTO auth_permission VALUES(29,7,'can_mark_returned','Set book as returned');
INSERT INTO auth_permission VALUES(30,8,'add_genre','Can add genre');
INSERT INTO auth_permission VALUES(31,8,'change_genre','Can change genre');
INSERT INTO auth_permission VALUES(32,8,'delete_genre','Can delete genre');
INSERT INTO auth_permission VALUES(33,8,'view_genre','Can view genre');
INSERT INTO auth_permission VALUES(34,9,'add_author','Can add author');
INSERT INTO auth_permission VALUES(35,9,'change_author','Can change author');
INSERT INTO auth_permission VALUES(36,9,'delete_author','Can delete author');
INSERT INTO auth_permission VALUES(37,9,'view_author','Can view author');
INSERT INTO auth_permission VALUES(38,10,'add_book','Can add book');
INSERT INTO auth_permission VALUES(39,10,'change_book','Can change book');
INSERT INTO auth_permission VALUES(40,10,'delete_book','Can delete book');
INSERT INTO auth_permission VALUES(41,10,'view_book','Can view book');
INSERT INTO auth_permission VALUES(42,11,'add_token','Can add Token');
INSERT INTO auth_permission VALUES(43,11,'change_token','Can change Token');
INSERT INTO auth_permission VALUES(44,11,'delete_token','Can delete Token');
INSERT INTO auth_permission VALUES(45,11,'view_token','Can view Token');
CREATE TABLE IF NOT EXISTS "auth_user" ("id" integer NOT NULL PRIMARY KEY AUTOINCREMENT, "password" varchar(128) NOT NULL, "last_login" datetime NULL, "is_superuser" bool NOT NULL, "username" varchar(150) NOT NULL UNIQUE, "first_name" varchar(30) NOT NULL, "email" varchar(254) NOT NULL, "is_staff" bool NOT NULL, "is_active" bool NOT NULL, "date_joined" datetime NOT NULL, "last_name" varchar(150) NOT NULL);
INSERT INTO auth_user VALUES(1,'pbkdf2_sha256$180000$OxzYdf9eOnus$5YS6d3ymI940WLXC7cjUT8y/KS+Euke9rz160LBgvg4=','2020-07-12 21:30:33.428180',1,'admin','','',1,1,'2020-07-08 19:46:02.873894','');
CREATE TABLE IF NOT EXISTS "auth_group" ("id" integer NOT NULL PRIMARY KEY AUTOINCREMENT, "name" varchar(150) NOT NULL UNIQUE);
CREATE TABLE IF NOT EXISTS "django_session" ("session_key" varchar(40) NOT NULL PRIMARY KEY, "session_data" text NOT NULL, "expire_date" datetime NOT NULL);
INSERT INTO django_session VALUES('zxj09l8s3i795sof9s6i2qxivak94r10','NGNhYzZkNWNlM2I0ZDI0ZWZkN2QxNjNiOGMzM2U2MWRhOTk3OTZkYjp7Im51bV92aXNpdHMiOjIsIl9hdXRoX3VzZXJfaWQiOiIxIiwiX2F1dGhfdXNlcl9iYWNrZW5kIjoiZGphbmdvLmNvbnRyaWIuYXV0aC5iYWNrZW5kcy5Nb2RlbEJhY2tlbmQiLCJfYXV0aF91c2VyX2hhc2giOiJkMDU3ZGUyNTRmMzY5MzIyNjE5ODRjY2NkYWZlYzA0NTIzZWQ1YjcwIn0=','2020-07-26 21:30:33.471682');
CREATE TABLE IF NOT EXISTS "catalog_genre" ("id" integer NOT NULL PRIMARY KEY AUTOINCREMENT, "name" varchar(200) NOT NULL);
INSERT INTO catalog_genre VALUES(1,'Novels');
INSERT INTO catalog_genre VALUES(2,'for kids');
INSERT INTO catalog_genre VALUES(3,'Biography');
CREATE TABLE IF NOT EXISTS "catalog_book_genre" ("id" integer NOT NULL PRIMARY KEY AUTOINCREMENT, "book_id" integer NOT NULL REFERENCES "catalog_book" ("id") DEFERRABLE INITIALLY DEFERRED, "genre_id" integer NOT NULL REFERENCES "catalog_genre" ("id") DEFERRABLE INITIALLY DEFERRED);
INSERT INTO catalog_book_genre VALUES(1,1,1);
INSERT INTO catalog_book_genre VALUES(2,2,1);
INSERT INTO catalog_book_genre VALUES(3,3,2);
INSERT INTO catalog_book_genre VALUES(4,4,3);
CREATE TABLE IF NOT EXISTS "catalog_book" ("id" integer NOT NULL PRIMARY KEY AUTOINCREMENT, "title" varchar(200) NOT NULL, "summary" text NOT NULL, "isbn" varchar(13) NOT NULL, "language" varchar(200) NOT NULL, "author_id" integer NULL REFERENCES "catalog_author" ("id") DEFERRABLE INITIALLY DEFERRED);
INSERT INTO catalog_book VALUES(1,'The Sea-Wolf','The Sea-Wolf is a 1904 psychological adventure novel by American writer Jack London. The book''s protagonist, Humphrey van Weyden, is a literary critic who is a survivor of an ocean collision and who comes under the dominance of Wolf Larsen, the powerful and amoral sea captain who rescues him. Its first printing of forty thousand copies was immediately sold out before publication on the strength of London''s previous The Call of the Wild. Ambrose Bierce wrote, "The great thing—and it is among the greatest of things—is that tremendous creation, Wolf Larsen... the hewing out and setting up of such a figure is enough for a man to do in one lifetime... The love element, with its absurd suppressions, and impossible proprieties, is awful."','176813612','English',1);
INSERT INTO catalog_book VALUES(2,'The Call of the Wild','The Call of the Wild is a short adventure novel by Jack London, published in 1903 and set in Yukon, Canada, during the 1890s Klondike Gold Rush, when strong sled dogs were in high demand. The central character of the novel is a dog named Buck. The story opens at a ranch in Santa Clara Valley, California, when Buck is stolen from his home and sold into service as a sled dog in Alaska. He becomes progressively feral in the harsh environment, where he is forced to fight to survive and dominate other dogs. By the end, he sheds the veneer of civilization, and relies on primordial instinct and learned experience to emerge as a leader in the wild.','179138821','English',1);
INSERT INTO catalog_book VALUES(3,'Tom Sawyer','The fictional character''s name may have been derived from a jolly and flamboyant chief named Tom Sawyer with whom Twain was acquainted in San Francisco, California, while Twain was employed as a reporter at the San Francisco Call.[1][2] Twain used to listen to Sawyer tell stories of his youth, "Sam, he would listen to these pranks of mine with great interest and he''d occasionally take ''em down in his notebook. One day he says to me: ‘I am going to put you between the covers of a book some of these days, Tom.’ ‘Go ahead, Sam,’ I said, ‘but don’t disgrace my name.’"[2] Twain himself said the character sprang from three people, later identified as: John B. Briggs (who died in 1907), William Bowen (who died in 1893) and Twain;[2] however Twain later changed his story saying Sawyer was fully formed solely from his imagination, but as Robert Graysmith says, "The great appropriator liked to pretend his characters sprang fully grown from his fertile mind."[2]','1212343432432','English',2);
INSERT INTO catalog_book VALUES(4,'Lincoln','A masterful work by Pulitzer Prize–winning author David Herbert Donald, Lincoln is a stunning portrait of Abraham Lincoln’s life and presidency.','3435464575656','English',3);
CREATE TABLE IF NOT EXISTS "catalog_author" ("id" integer NOT NULL PRIMARY KEY AUTOINCREMENT, "first_name" varchar(100) NOT NULL, "last_name" varchar(100) NOT NULL, "date_of_birth" date NULL, "date_of_death" date NULL, "second_name" varchar(100) NOT NULL, "gender" varchar(5) NOT NULL);
INSERT INTO catalog_author VALUES(1,'Jack','London','1876-06-12','1916-11-22','','man');
INSERT INTO catalog_author VALUES(2,'Mark','Twain','1835-11-30','1910-04-21','','man');
INSERT INTO catalog_author VALUES(3,'David','Herbert',NULL,NULL,'Donald','man');
CREATE TABLE IF NOT EXISTS "catalog_bookinstance" ("id" char(32) NOT NULL PRIMARY KEY, "due_back" date NULL, "status" varchar(15) NOT NULL, "book_id" integer NULL REFERENCES "catalog_book" ("id") DEFERRABLE INITIALLY DEFERRED, "borrower_id" integer NULL REFERENCES "auth_user" ("id") DEFERRABLE INITIALLY DEFERRED, "publishing_year" integer NOT NULL);
INSERT INTO catalog_bookinstance VALUES('481498fdd896475a981fca32de7add03',NULL,'maintenance',1,NULL,2007);
INSERT INTO catalog_bookinstance VALUES('3251f15e64924136a7665a9574e9cf22',NULL,'available',2,NULL,2005);
INSERT INTO catalog_bookinstance VALUES('e8fcdb0205c34aa388735de1d799e85a',NULL,'available',3,NULL,2000);
INSERT INTO catalog_bookinstance VALUES('0cf1682a55b847f88c73b6963d5232ea','2020-07-30','reserved',3,1,2008);
INSERT INTO catalog_bookinstance VALUES('335ee88b2b0a47a8936faf86b9763372','2020-07-31','reserved',1,1,2009);
INSERT INTO catalog_bookinstance VALUES('38e0e2a4b0514ee2a3f04881f2f0d9a5','2020-07-25','maintenance',2,1,2008);
INSERT INTO catalog_bookinstance VALUES('62d371cbe88345b4832cecd42bbf90f2',NULL,'available',1,NULL,2003);
INSERT INTO catalog_bookinstance VALUES('ee07fc6092a642a695e3d40941a7c186',NULL,'available',4,NULL,1996);
CREATE TABLE IF NOT EXISTS "authtoken_token" ("key" varchar(40) NOT NULL PRIMARY KEY, "created" datetime NOT NULL, "user_id" integer NOT NULL UNIQUE REFERENCES "auth_user" ("id") DEFERRABLE INITIALLY DEFERRED);
INSERT INTO authtoken_token VALUES('9f8fdca1044f2938d05eb88b276b5b0edd6af2aa','2020-07-12 21:35:18.013451',1);
DELETE FROM sqlite_sequence;
INSERT INTO sqlite_sequence VALUES('django_migrations',30);
INSERT INTO sqlite_sequence VALUES('django_admin_log',48);
INSERT INTO sqlite_sequence VALUES('django_content_type',11);
INSERT INTO sqlite_sequence VALUES('auth_permission',45);
INSERT INTO sqlite_sequence VALUES('auth_user',1);
INSERT INTO sqlite_sequence VALUES('auth_group',0);
INSERT INTO sqlite_sequence VALUES('catalog_genre',3);
INSERT INTO sqlite_sequence VALUES('catalog_book_genre',4);
INSERT INTO sqlite_sequence VALUES('catalog_book',4);
INSERT INTO sqlite_sequence VALUES('catalog_author',3);
CREATE UNIQUE INDEX "auth_group_permissions_group_id_permission_id_0cd325b0_uniq" ON "auth_group_permissions" ("group_id", "permission_id");
CREATE INDEX "auth_group_permissions_group_id_b120cbf9" ON "auth_group_permissions" ("group_id");
CREATE INDEX "auth_group_permissions_permission_id_84c5c92e" ON "auth_group_permissions" ("permission_id");
CREATE UNIQUE INDEX "auth_user_groups_user_id_group_id_94350c0c_uniq" ON "auth_user_groups" ("user_id", "group_id");
CREATE INDEX "auth_user_groups_user_id_6a12ed8b" ON "auth_user_groups" ("user_id");
CREATE INDEX "auth_user_groups_group_id_97559544" ON "auth_user_groups" ("group_id");
CREATE UNIQUE INDEX "auth_user_user_permissions_user_id_permission_id_14a6b632_uniq" ON "auth_user_user_permissions" ("user_id", "permission_id");
CREATE INDEX "auth_user_user_permissions_user_id_a95ead1b" ON "auth_user_user_permissions" ("user_id");
CREATE INDEX "auth_user_user_permissions_permission_id_1fbb5f2c" ON "auth_user_user_permissions" ("permission_id");
CREATE INDEX "django_admin_log_content_type_id_c4bce8eb" ON "django_admin_log" ("content_type_id");
CREATE INDEX "django_admin_log_user_id_c564eba6" ON "django_admin_log" ("user_id");
CREATE UNIQUE INDEX "django_content_type_app_label_model_76bd3d3b_uniq" ON "django_content_type" ("app_label", "model");
CREATE UNIQUE INDEX "auth_permission_content_type_id_codename_01ab375a_uniq" ON "auth_permission" ("content_type_id", "codename");
CREATE INDEX "auth_permission_content_type_id_2f476e4b" ON "auth_permission" ("content_type_id");
CREATE INDEX "django_session_expire_date_a5c62663" ON "django_session" ("expire_date");
CREATE UNIQUE INDEX "catalog_book_genre_book_id_genre_id_d15f6922_uniq" ON "catalog_book_genre" ("book_id", "genre_id");
CREATE INDEX "catalog_book_genre_book_id_e5a77c43" ON "catalog_book_genre" ("book_id");
CREATE INDEX "catalog_book_genre_genre_id_77d7ffde" ON "catalog_book_genre" ("genre_id");
CREATE INDEX "catalog_book_author_id_b0849980" ON "catalog_book" ("author_id");
CREATE INDEX "catalog_bookinstance_book_id_69f93415" ON "catalog_bookinstance" ("book_id");
CREATE INDEX "catalog_bookinstance_borrower_id_0d71c37c" ON "catalog_bookinstance" ("borrower_id");
COMMIT;
